"Kingdom","Phylum","Class","Order","Family","Species","n_articles","n_experiments"
"Metazoa","Arthropoda","Hexanauplia","Calanoida","Acartiidae","Acartia_bilobata",1,2
"Metazoa","Arthropoda","Insecta","Coleoptera","Coccinellidae","Adalia_bipunctata",1,1
"Metazoa","Arthropoda","Insecta","Coleoptera","Carabidae","Agonum_dorsale",1,1
"Metazoa","Arthropoda","Insecta","Coleoptera","Carabidae","Amara_chalcites",1,1
"Metazoa","Arthropoda","Insecta","Coleoptera","Carabidae","Amara_congrua",1,1
"Metazoa","Arthropoda","Insecta","Coleoptera","Carabidae","Amara_gigantea",1,2
"Metazoa","Arthropoda","Insecta","Coleoptera","Carabidae","Amara_macronota",2,2
"Metazoa","Arthropoda","Insecta","Coleoptera","Carabidae","Amara_similata",1,1
"Metazoa","Arthropoda","Arachnida","Mesostigmata","Phytoseiidae","Amblydromalus_limonicus",3,8
"Metazoa","Arthropoda","Arachnida","Mesostigmata","Phytoseiidae","Amblyseius_swirskii",4,10
"Metazoa","Arthropoda","Malacostraca","Amphipoda","Ampithoidae","Ampithoe_longimana",1,1
"Metazoa","Arthropoda","Malacostraca","Amphipoda","Ampithoidae","Ampithoe_marcuzzii",1,1
"Metazoa","Arthropoda","Malacostraca","Amphipoda","Ampithoidae","Ampithoe_valida",1,1
"Metazoa","Arthropoda","Hexanauplia","Cyclopoida","Cyclopidae","Apocyclops_royi",1,1
"Metazoa",NA,"Echinoidea","Arbacoida","Arbaciidae","Arbacia_lixula",1,1
"Metazoa",NA,"Asteroidea","Valvatida","Asterinidae","Asterina_miniata",1,1
"Metazoa","Arthropoda","Hexanauplia","Harpacticoida","Canthocamptidae","Attheyella_trispinosa",1,1
"Metazoa","Arthropoda","Arachnida","Trombidiformes","Erythraeidae","Balaustium_leander",1,1
"Metazoa","Arthropoda","Hexanauplia","Calanoida","Paracalanidae","Bestiolina_similis",2,3
"Metazoa","Arthropoda","Hexanauplia","Harpacticoida","Canthocamptidae","Bryocamptus_minutus",1,1
"Metazoa","Arthropoda","Insecta","Lepidoptera","Erebidae","Callimorpha_dominula",1,1
"Metazoa","Arthropoda","Insecta","Hemiptera","Miridae","Campylomma_livida",1,4
"Metazoa","Arthropoda","Hexanauplia","Calanoida","Centropagidae","Centropages_hamatus",1,1
"Metazoa","Arthropoda","Arachnida","Araneae","Miturgidae","Cheiracanthium_inclusum",1,3
"Metazoa","Mollusca","Gastropoda","Neogastropoda","Muricidae","Chorus_giganteus",1,1
"Metazoa","Arthropoda","Insecta","Neuroptera","Chrysopidae","Chrysoperla_carnea",1,1
"Metazoa","Arthropoda","Insecta","Coleoptera","Coccinellidae","Coccinella_septempunctata",4,7
"Metazoa","Arthropoda","Insecta","Coleoptera","Chrysomelidae","Colaspis_crinicornis",1,3
"Metazoa","Arthropoda","Insecta","Coleoptera","Coccinellidae","Coleomegilla_maculata",1,1
"Metazoa","Mollusca","Bivalvia","Venerida","Cyrenidae","Corbicula_fluminea",1,1
"Metazoa","Mollusca","Bivalvia","Ostreida","Ostreidae","Crassostrea_gigas",2,2
"Metazoa","Mollusca","Bivalvia","Ostreida","Ostreidae","Crassostrea_virginica",2,3
"Metazoa","Mollusca","Gastropoda","Littorinimorpha","Calyptraeidae","Crepidula_fornicata",1,1
"Metazoa","Arthropoda","Insecta","Coleoptera","Coccinellidae","Cycloneda_sanguinea",1,1
"Metazoa","Arthropoda","Hexanauplia","Cyclopoida","Cyclopinidae","Cyclopina_kasignete",1,2
"Metazoa","Arthropoda","Insecta","Diptera","Cylindrotomidae","Cylindrotoma_distinctissima",1,1
"Metazoa","Arthropoda","Malacostraca","Amphipoda","Ampithoidae","Cymadusa_compta",1,1
"Metazoa","Arthropoda","Branchiopoda","Diplostraca","Daphniidae","Daphnia_galeata",2,10
"Metazoa","Arthropoda","Branchiopoda","Diplostraca","Daphniidae","Daphnia_magna",6,9
"Metazoa","Arthropoda","Insecta","Hemiptera","Miridae","Deraeocoris_signatus",1,5
"Metazoa","Arthropoda","Insecta","Hemiptera","Miridae","Dicyphus_hesperus",1,1
"Metazoa","Chordata","Amphibia","Anura","Alytidae","Discoglossus_galganoi",1,4
"Metazoa","Arthropoda","Insecta","Dermaptera","Forficulidae","Doru_luteipes",2,2
"Metazoa","Arthropoda","Arachnida","Araneae","Linyphiidae","Erigone_atra",1,1
"Metazoa","Arthropoda","Arachnida","Mesostigmata","Phytoseiidae","Euseius_concordis",1,1
"Metazoa","Arthropoda","Hexanauplia","Harpacticoida","Euterpinidae","Euterpina_acutifrons",1,1
"Metazoa","Arthropoda","Malacostraca","Decapoda","Penaeidae","Farfantepenaeus_paulensis",1,4
"Metazoa","Arthropoda","Insecta","Thysanoptera","Thripidae","Frankliniella_occidentalis",4,10
"Metazoa","Arthropoda","Arachnida","Mesostigmata","Laelapidae","Gaeolaelaps_aculeifer",1,4
"Metazoa","Arthropoda","Malacostraca","Amphipoda","Gammaridae","Gammarus_mucronatus",1,1
"Metazoa","Arthropoda","Insecta","Hemiptera","Lygaeidae","Geocoris_punctipes",2,3
"Metazoa","Arthropoda","Insecta","Lepidoptera","Erebidae","Grammia_geneura",1,6
"Metazoa","Arthropoda","Insecta","Lepidoptera","Erebidae","Grammia_incorrupta",1,1
"Metazoa","Mollusca","Gastropoda",NA,"Haliotidae","Haliotis_discus",1,1
"Metazoa","Mollusca","Gastropoda",NA,"Haliotidae","Haliotis_iris",1,1
"Metazoa","Mollusca","Gastropoda",NA,"Haliotidae","Haliotis_midae",1,1
"Metazoa","Mollusca","Gastropoda",NA,"Haliotidae","Haliotis_rufescens",2,2
"Metazoa","Mollusca","Gastropoda",NA,"Haliotidae","Haliotis_tuberculata",1,1
"Metazoa","Chordata","Actinopteri","Syngnathiformes","Syngnathidae","Hippocampus_kuda",1,2
"Metazoa","Arthropoda","Insecta","Coleoptera","Coccinellidae","Hoppodamia_variegata",1,1
"Metazoa","Chordata","Amphibia","Anura","Hylidae","Hyla_arborea",1,4
"Metazoa","Chordata","Amphibia","Anura","Hylidae","Hyla_meridionalis",1,4
"Metazoa","Arthropoda","Arachnida","Mesostigmata","Phytoseiidae","Iphiseiodes_zuluagai",1,1
"Metazoa","Arthropoda","Insecta","Trichoptera","Limnephilidae","Limnephilus_indivisus",1,1
"Metazoa",NA,"Echinoidea","Echinoida","Echinidae","Loxechinus_albus",1,1
"Metazoa","Arthropoda","Insecta","Hemiptera","Lygaeidae","Lygaeus_equestris",1,2
"Metazoa","Arthropoda","Arachnida","Mesostigmata","Macrochelidae","Macrocheles_embersoni",1,1
"Metazoa","Arthropoda","Insecta","Hemiptera","Miridae","Macrolophus_costalis",1,1
"Metazoa","Arthropoda","Insecta","Hemiptera","Miridae","Macrolophus_pygmaeus",4,15
"Metazoa","Arthropoda","Hexanauplia","Harpacticoida","Miraciidae","Macrosetella_gracilis",1,1
"Metazoa","Mollusca","Bivalvia","Venerida","Veneridae","Mercenaria_mercenaria",1,1
"Metazoa","Mollusca","Bivalvia","Venerida","Veneridae","Meretrix_meretrix",1,1
"Metazoa","Chordata","Aves","Coraciiformes","Meropidae","Merops_apiaster",1,1
"Metazoa","Arthropoda","Insecta","Orthoptera","Acrididae","Miramella_alpina",1,1
"Metazoa","Arthropoda","Branchiopoda","Diplostraca","Moinidae","Moina_belli",1,1
"Metazoa","Mollusca","Bivalvia","Mytilida","Mytilidae","Mytilus_edulis",1,1
"Metazoa","Arthropoda","Insecta","Hemiptera","Nabidae","Nabis_roseipennis",1,3
"Metazoa","Arthropoda","Insecta","Coleoptera","Coccinellidae","Naemia_seriata",1,2
"Metazoa","Arthropoda","Arachnida","Mesostigmata","Phytoseiidae","Neoseiulus_californicus",2,5
"Metazoa","Arthropoda","Hexanauplia","Harpacticoida","Ameiridae","Nitocra_affinis",1,2
"Metazoa","Arthropoda","Arachnida","Opiliones","Phalangiidae","Oligolophus_tridens",1,1
"Metazoa","Arthropoda","Insecta","Orthoptera","Tettigoniidae","Orchelimum_fidicinium",1,1
"Metazoa","Arthropoda","Insecta","Hemiptera","Anthocoridae","Orius_albidipennis",2,3
"Metazoa","Arthropoda","Insecta","Hemiptera","Anthocoridae","Orius_insidiosus",4,6
"Metazoa","Arthropoda","Insecta","Hemiptera","Anthocoridae","Orius_laevigatus",3,4
"Metazoa","Arthropoda","Insecta","Hemiptera","Anthocoridae","Orius_majusculus",3,6
"Metazoa","Arthropoda","Insecta","Hemiptera","Anthocoridae","Orius_sauteri",1,3
"Metazoa","Mollusca","Bivalvia","Ostreida","Ostreidae","Ostrea_edulis",2,3
"Metazoa","Arthropoda","Malacostraca","Decapoda","Grapsidae","Pachygrapsus_crassipes",1,1
"Metazoa","Arthropoda","Malacostraca","Decapoda","Palaemonidae","Palaemonetes_vulgaris",1,1
"Metazoa","Arthropoda","Malacostraca","Decapoda","Panopeidae","Panopeus_herbstii",1,3
"Metazoa",NA,"Echinoidea","Echinoida","Echinidae","Paracentrotus_lividus",3,3
"Metazoa","Arthropoda","Hexanauplia","Cyclopoida","Cyclopettidae","Paracyclopina_nana",2,2
"Metazoa","Arthropoda","Insecta","Orthoptera","Acrididae","Parapodisma_subastris",1,2
"Metazoa","Arthropoda","Arachnida","Mesostigmata","Parasitidae","Parasitus_bituberosus",1,3
"Metazoa","Arthropoda","Arachnida","Araneae","Lycosidae","Pardosa_lugubris",1,1
"Metazoa","Arthropoda","Arachnida","Araneae","Lycosidae","Pardosa_prativaga",1,2
"Metazoa","Arthropoda","Hexanauplia","Calanoida","Paracalanidae","Parvocalanus_crassirostris",1,2
"Metazoa","Arthropoda","Malacostraca","Decapoda","Penaeidae","Penaeus_aztecus",1,1
"Metazoa","Arthropoda","Malacostraca","Decapoda","Penaeidae","Penaeus_setiferus",1,1
"Metazoa","Chordata","Aves","Galliformes","Phasianidae","Perdix_perdix",1,1
"Metazoa","Arthropoda","Hexanauplia","Calanoida","Diaptomidae","Phyllodiaptomus_blanci",1,3
"Metazoa","Arthropoda","Arachnida","Mesostigmata","Phytoseiidae","Phytoseius_finitimus",1,3
"Metazoa","Mollusca","Bivalvia","Ostreida","Pteriidae","Pinctada_maxima",1,1
"Metazoa",NA,"Asteroidea","Forcipulatida","Asteriidae","Pisaster_ochraceus",1,1
"Metazoa","Arthropoda","Insecta","Hemiptera","Pentatomidae","Podisus_maculiventris",1,1
"Metazoa","Mollusca","Gastropoda","Architaenioglossa","Ampullariidae","Pomacea_canaliculata",1,1
"Metazoa","Arthropoda","Malacostraca","Decapoda","Cambaridae","Procambarus_clarkii",1,1
"Metazoa","Arthropoda","Arachnida","Trombidiformes","Iolinidae","Pronematus_ubiquitus",1,2
"Metazoa","Arthropoda","Arachnida","Mesostigmata","Phytoseiidae","Proprioseiopsis_mexicanus",1,3
"Metazoa","Arthropoda","Hexanauplia","Calanoida","Pseudocyclopidae","Pseudocyclops_xiphophorus",1,1
"Metazoa","Arthropoda","Hexanauplia","Calanoida","Pseudodiaptomidae","Pseudodiaptomus_hessei",1,1
"Metazoa","Arthropoda","Hexanauplia","Calanoida","Pseudodiaptomidae","Pseudodiaptomus_pelagicus",1,1
"Metazoa","Mollusca","Bivalvia","Venerida","Veneridae","Ruditapes_philippinarum",1,1
"Metazoa","Mollusca","Bivalvia","Ostreida","Ostreidae","Saccostrea_glomerata",1,1
"Metazoa","Arthropoda","Insecta","Orthoptera","Acrididae","Schistocerca_americana",1,2
"Metazoa","Arthropoda","Arachnida","Araneae","Lycosidae","Schizocosa_stridulans",1,1
"Metazoa","Arthropoda","Insecta","Coleoptera","Coccinellidae","Scymus_interruptus",1,2
"Metazoa","Arthropoda","Insecta","Coleoptera","Coccinellidae","Scymus_subvillosus",1,2
"Metazoa","Chordata","Actinopteri","Pleuronectiformes","Soleidae","Solea_solea",1,1
"Metazoa","Annelida","Polychaeta","Sabellida","Serpulidae","Spirobranchus_cariniferus",1,1
"Metazoa","Mollusca","Bivalvia",NA,"Mactridae","Spisula_solidissima",1,2
"Metazoa","Mollusca","Gastropoda","Littorinimorpha","Strombidae","Strombus_gigas",1,1
"Metazoa",NA,"Echinoidea","Echinoida","Strongylocentrotidae","Strongylocentrotus_droebachiensis",1,2
"Metazoa",NA,"Echinoidea","Echinoida","Strongylocentrotidae","Strongylocentrotus_intermedius",1,1
"Metazoa",NA,"Echinoidea","Echinoida","Strongylocentrotidae","Strongylocentrotus_purpuratus",1,1
"Metazoa","Arthropoda","Insecta","Mantodea","Mantidae","Tenodera_aridifolia_sinensis",1,1
"Metazoa","Arthropoda","Hexanauplia","Harpacticoida","Tisbidae","Tisbe_biminiensis",1,3
"Metazoa",NA,"Echinoidea","Temnopleuroida","Toxopneustidae","Tripneustes_gratilla",1,1
"Metazoa","Mollusca","Gastropoda",NA,"Turbinidae","Turbo_sarmaticus",1,3
